<ImportExportXml xmlns:xsi="http://www.w3.org/2001/XMLSchema-instance">
  <Entities>
    <Entity>
      <Name LocalizedName="Sleigh Sighting" OriginalName="Sleigh Sighting">cr3b8_SleighSighting</Name>
      <EntityInfo>
        <entity Name="cr3b8_SleighSighting">
          <LocalizedNames>
            <LocalizedName description="Sleigh Sighting" languagecode="1033" />
          </LocalizedNames>
          <LocalizedCollectionNames>
            <LocalizedCollectionName description="Sleigh Sightings" languagecode="1033" />
          </LocalizedCollectionNames>
          <Descriptions>
            <Description description="" languagecode="1033" />
          </Descriptions>
          <attributes>
            <attribute PhysicalName="cr3b8_City">
              <Type>nvarchar</Type>
              <Name>cr3b8_city</Name>
              <LogicalName>cr3b8_city</LogicalName>
              <RequiredLevel>none</RequiredLevel>
              <DisplayMask>ValidForAdvancedFind|ValidForForm|ValidForGrid</DisplayMask>
              <ImeMode>auto</ImeMode>
              <ValidForUpdateApi>1</ValidForUpdateApi>
              <ValidForReadApi>1</ValidForReadApi>
              <ValidForCreateApi>1</ValidForCreateApi>
              <IsCustomField>1</IsCustomField>
              <IsAuditEnabled>1</IsAuditEnabled>
              <IsSecured>0</IsSecured>
              <IntroducedVersion>1.0.0.0</IntroducedVersion>
              <IsCustomizable>1</IsCustomizable>
              <IsRenameable>1</IsRenameable>
              <CanModifySearchSettings>1</CanModifySearchSettings>
              <CanModifyRequirementLevelSettings>1</CanModifyRequirementLevelSettings>
              <CanModifyAdditionalSettings>1</CanModifyAdditionalSettings>
              <SourceType>0</SourceType>
              <IsGlobalFilterEnabled>0</IsGlobalFilterEnabled>
              <IsSortableEnabled>0</IsSortableEnabled>
              <CanModifyGlobalFilterSettings>1</CanModifyGlobalFilterSettings>
              <CanModifyIsSortableSettings>1</CanModifyIsSortableSettings>
              <IsDataSourceSecret>0</IsDataSourceSecret>
              <AutoNumberFormat></AutoNumberFormat>
              <IsSearchable>0</IsSearchable>
              <IsFilterable>0</IsFilterable>
              <IsRetrievable>0</IsRetrievable>
              <IsLocalizable>0</IsLocalizable>
              <Format>text</Format>
              <MaxLength>100</MaxLength>
              <Length>200</Length>
              <displaynames>
                <displayname description="City" languagecode="1033" />
              </displaynames>
              <Descriptions>
                <Description description="" languagecode="1033" />
              </Descriptions>
            </attribute>
            <attribute PhysicalName="cr3b8_Comments">
              <Type>ntext</Type>
              <Name>cr3b8_comments</Name>
              <LogicalName>cr3b8_comments</LogicalName>
              <RequiredLevel>none</RequiredLevel>
              <DisplayMask>ValidForAdvancedFind|ValidForForm|ValidForGrid</DisplayMask>
              <ImeMode>auto</ImeMode>
              <ValidForUpdateApi>1</ValidForUpdateApi>
              <ValidForReadApi>1</ValidForReadApi>
              <ValidForCreateApi>1</ValidForCreateApi>
              <IsCustomField>1</IsCustomField>
              <IsAuditEnabled>1</IsAuditEnabled>
              <IsSecured>0</IsSecured>
              <IntroducedVersion>1.0.0.0</IntroducedVersion>
              <IsCustomizable>1</IsCustomizable>
              <IsRenameable>1</IsRenameable>
              <CanModifySearchSettings>1</CanModifySearchSettings>
              <CanModifyRequirementLevelSettings>1</CanModifyRequirementLevelSettings>
              <CanModifyAdditionalSettings>1</CanModifyAdditionalSettings>
              <SourceType>0</SourceType>
              <IsGlobalFilterEnabled>0</IsGlobalFilterEnabled>
              <IsSortableEnabled>0</IsSortableEnabled>
              <CanModifyGlobalFilterSettings>1</CanModifyGlobalFilterSettings>
              <CanModifyIsSortableSettings>1</CanModifyIsSortableSettings>
              <IsDataSourceSecret>0</IsDataSourceSecret>
              <AutoNumberFormat></AutoNumberFormat>
              <IsSearchable>0</IsSearchable>
              <IsFilterable>0</IsFilterable>
              <IsRetrievable>0</IsRetrievable>
              <IsLocalizable>0</IsLocalizable>
              <Format></Format>
              <MaxLength>2000</MaxLength>
              <displaynames>
                <displayname description="Comments" languagecode="1033" />
              </displaynames>
              <Descriptions>
                <Description description="" languagecode="1033" />
              </Descriptions>
            </attribute>
            <attribute PhysicalName="cr3b8_DatePosted">
              <Type>datetime</Type>
              <Name>cr3b8_dateposted</Name>
              <LogicalName>cr3b8_dateposted</LogicalName>
              <RequiredLevel>none</RequiredLevel>
              <DisplayMask>ValidForAdvancedFind|ValidForForm|ValidForGrid</DisplayMask>
              <ImeMode>auto</ImeMode>
              <ValidForUpdateApi>1</ValidForUpdateApi>
              <ValidForReadApi>1</ValidForReadApi>
              <ValidForCreateApi>1</ValidForCreateApi>
              <IsCustomField>1</IsCustomField>
              <IsAuditEnabled>1</IsAuditEnabled>
              <IsSecured>0</IsSecured>
              <IntroducedVersion>1.0.0.0</IntroducedVersion>
              <IsCustomizable>1</IsCustomizable>
              <IsRenameable>1</IsRenameable>
              <CanModifySearchSettings>1</CanModifySearchSettings>
              <CanModifyRequirementLevelSettings>1</CanModifyRequirementLevelSettings>
              <CanModifyAdditionalSettings>1</CanModifyAdditionalSettings>
              <SourceType>0</SourceType>
              <IsGlobalFilterEnabled>0</IsGlobalFilterEnabled>
              <IsSortableEnabled>0</IsSortableEnabled>
              <CanModifyGlobalFilterSettings>1</CanModifyGlobalFilterSettings>
              <CanModifyIsSortableSettings>1</CanModifyIsSortableSettings>
              <IsDataSourceSecret>0</IsDataSourceSecret>
              <AutoNumberFormat></AutoNumberFormat>
              <IsSearchable>1</IsSearchable>
              <IsFilterable>0</IsFilterable>
              <IsRetrievable>0</IsRetrievable>
              <IsLocalizable>0</IsLocalizable>
              <Format>date</Format>
              <CanChangeDateTimeBehavior>1</CanChangeDateTimeBehavior>
              <Behavior>1</Behavior>
              <displaynames>
                <displayname description="Date Posted" languagecode="1033" />
              </displaynames>
              <Descriptions>
                <Description description="" languagecode="1033" />
              </Descriptions>
            </attribute>
            <attribute PhysicalName="cr3b8_Duration">
              <Type>int</Type>
              <Name>cr3b8_duration</Name>
              <LogicalName>cr3b8_duration</LogicalName>
              <RequiredLevel>none</RequiredLevel>
              <DisplayMask>ValidForAdvancedFind|ValidForForm|ValidForGrid</DisplayMask>
              <ImeMode>disabled</ImeMode>
              <ValidForUpdateApi>1</ValidForUpdateApi>
              <ValidForReadApi>1</ValidForReadApi>
              <ValidForCreateApi>1</ValidForCreateApi>
              <IsCustomField>1</IsCustomField>
              <IsAuditEnabled>1</IsAuditEnabled>
              <IsSecured>0</IsSecured>
              <IntroducedVersion>1.0.0.0</IntroducedVersion>
              <IsCustomizable>1</IsCustomizable>
              <IsRenameable>1</IsRenameable>
              <CanModifySearchSettings>1</CanModifySearchSettings>
              <CanModifyRequirementLevelSettings>1</CanModifyRequirementLevelSettings>
              <CanModifyAdditionalSettings>1</CanModifyAdditionalSettings>
              <SourceType>0</SourceType>
              <IsGlobalFilterEnabled>0</IsGlobalFilterEnabled>
              <IsSortableEnabled>0</IsSortableEnabled>
              <CanModifyGlobalFilterSettings>1</CanModifyGlobalFilterSettings>
              <CanModifyIsSortableSettings>1</CanModifyIsSortableSettings>
              <IsDataSourceSecret>0</IsDataSourceSecret>
              <AutoNumberFormat></AutoNumberFormat>
              <IsSearchable>1</IsSearchable>
              <IsFilterable>0</IsFilterable>
              <IsRetrievable>0</IsRetrievable>
              <IsLocalizable>0</IsLocalizable>
              <Format>none</Format>
              <MinValue>-2147483648</MinValue>
              <MaxValue>2147483647</MaxValue>
              <displaynames>
                <displayname description="Duration" languagecode="1033" />
              </displaynames>
              <Descriptions>
                <Description description="" languagecode="1033" />
              </Descriptions>
            </attribute>
            <attribute PhysicalName="cr3b8_Lat">
              <Type>decimal</Type>
              <Name>cr3b8_lat</Name>
              <LogicalName>cr3b8_lat</LogicalName>
              <RequiredLevel>none</RequiredLevel>
              <DisplayMask>ValidForAdvancedFind|ValidForForm|ValidForGrid</DisplayMask>
              <ImeMode>auto</ImeMode>
              <ValidForUpdateApi>1</ValidForUpdateApi>
              <ValidForReadApi>1</ValidForReadApi>
              <ValidForCreateApi>1</ValidForCreateApi>
              <IsCustomField>1</IsCustomField>
              <IsAuditEnabled>1</IsAuditEnabled>
              <IsSecured>0</IsSecured>
              <IntroducedVersion>1.0.0.0</IntroducedVersion>
              <IsCustomizable>1</IsCustomizable>
              <IsRenameable>1</IsRenameable>
              <CanModifySearchSettings>1</CanModifySearchSettings>
              <CanModifyRequirementLevelSettings>1</CanModifyRequirementLevelSettings>
              <CanModifyAdditionalSettings>1</CanModifyAdditionalSettings>
              <SourceType>0</SourceType>
              <IsGlobalFilterEnabled>0</IsGlobalFilterEnabled>
              <IsSortableEnabled>0</IsSortableEnabled>
              <CanModifyGlobalFilterSettings>1</CanModifyGlobalFilterSettings>
              <CanModifyIsSortableSettings>1</CanModifyIsSortableSettings>
              <IsDataSourceSecret>0</IsDataSourceSecret>
              <AutoNumberFormat></AutoNumberFormat>
              <IsSearchable>0</IsSearchable>
              <IsFilterable>0</IsFilterable>
              <IsRetrievable>0</IsRetrievable>
              <IsLocalizable>0</IsLocalizable>
              <MinValue>-100000000000</MinValue>
              <MaxValue>100000000000</MaxValue>
              <Accuracy>5</Accuracy>
              <displaynames>
                <displayname description="Lat" languagecode="1033" />
              </displaynames>
              <Descriptions>
                <Description description="" languagecode="1033" />
              </Descriptions>
            </attribute>
            <attribute PhysicalName="cr3b8_Long">
              <Type>decimal</Type>
              <Name>cr3b8_long</Name>
              <LogicalName>cr3b8_long</LogicalName>
              <RequiredLevel>none</RequiredLevel>
              <DisplayMask>ValidForAdvancedFind|ValidForForm|ValidForGrid</DisplayMask>
              <ImeMode>auto</ImeMode>
              <ValidForUpdateApi>1</ValidForUpdateApi>
              <ValidForReadApi>1</ValidForReadApi>
              <ValidForCreateApi>1</ValidForCreateApi>
              <IsCustomField>1</IsCustomField>
              <IsAuditEnabled>1</IsAuditEnabled>
              <IsSecured>0</IsSecured>
              <IntroducedVersion>1.0.0.0</IntroducedVersion>
              <IsCustomizable>1</IsCustomizable>
              <IsRenameable>1</IsRenameable>
              <CanModifySearchSettings>1</CanModifySearchSettings>
              <CanModifyRequirementLevelSettings>1</CanModifyRequirementLevelSettings>
              <CanModifyAdditionalSettings>1</CanModifyAdditionalSettings>
              <SourceType>0</SourceType>
              <IsGlobalFilterEnabled>0</IsGlobalFilterEnabled>
              <IsSortableEnabled>0</IsSortableEnabled>
              <CanModifyGlobalFilterSettings>1</CanModifyGlobalFilterSettings>
              <CanModifyIsSortableSettings>1</CanModifyIsSortableSettings>
              <IsDataSourceSecret>0</IsDataSourceSecret>
              <AutoNumberFormat></AutoNumberFormat>
              <IsSearchable>0</IsSearchable>
              <IsFilterable>0</IsFilterable>
              <IsRetrievable>0</IsRetrievable>
              <IsLocalizable>0</IsLocalizable>
              <MinValue>-100000000000</MinValue>
              <MaxValue>100000000000</MaxValue>
              <Accuracy>5</Accuracy>
              <displaynames>
                <displayname description="Long" languagecode="1033" />
              </displaynames>
              <Descriptions>
                <Description description="" languagecode="1033" />
              </Descriptions>
            </attribute>
            <attribute PhysicalName="cr3b8_Name">
              <Type>nvarchar</Type>
              <Name>cr3b8_name</Name>
              <LogicalName>cr3b8_name</LogicalName>
              <RequiredLevel>recommended</RequiredLevel>
              <DisplayMask>PrimaryName|ValidForAdvancedFind|ValidForForm|ValidForGrid|RequiredForForm</DisplayMask>
              <ImeMode>auto</ImeMode>
              <ValidForUpdateApi>1</ValidForUpdateApi>
              <ValidForReadApi>1</ValidForReadApi>
              <ValidForCreateApi>1</ValidForCreateApi>
              <IsCustomField>1</IsCustomField>
              <IsAuditEnabled>1</IsAuditEnabled>
              <IsSecured>0</IsSecured>
              <IntroducedVersion>1.0.0.0</IntroducedVersion>
              <IsCustomizable>1</IsCustomizable>
              <IsRenameable>1</IsRenameable>
              <CanModifySearchSettings>1</CanModifySearchSettings>
              <CanModifyRequirementLevelSettings>1</CanModifyRequirementLevelSettings>
              <CanModifyAdditionalSettings>1</CanModifyAdditionalSettings>
              <SourceType>0</SourceType>
              <IsGlobalFilterEnabled>0</IsGlobalFilterEnabled>
              <IsSortableEnabled>0</IsSortableEnabled>
              <CanModifyGlobalFilterSettings>1</CanModifyGlobalFilterSettings>
              <CanModifyIsSortableSettings>1</CanModifyIsSortableSettings>
              <IsDataSourceSecret>0</IsDataSourceSecret>
              <AutoNumberFormat></AutoNumberFormat>
              <IsSearchable>1</IsSearchable>
              <IsFilterable>0</IsFilterable>
              <IsRetrievable>1</IsRetrievable>
              <IsLocalizable>0</IsLocalizable>
              <Format>text</Format>
              <MaxLength>100</MaxLength>
              <Length>200</Length>
              <displaynames>
                <displayname description="Name" languagecode="1033" />
              </displaynames>
              <Descriptions>
                <Description description="Required name field" languagecode="1033" />
              </Descriptions>
            </attribute>
            <attribute PhysicalName="cr3b8_Shape">
              <Type>nvarchar</Type>
              <Name>cr3b8_shape</Name>
              <LogicalName>cr3b8_shape</LogicalName>
              <RequiredLevel>none</RequiredLevel>
              <DisplayMask>ValidForAdvancedFind|ValidForForm|ValidForGrid</DisplayMask>
              <ImeMode>auto</ImeMode>
              <ValidForUpdateApi>1</ValidForUpdateApi>
              <ValidForReadApi>1</ValidForReadApi>
              <ValidForCreateApi>1</ValidForCreateApi>
              <IsCustomField>1</IsCustomField>
              <IsAuditEnabled>1</IsAuditEnabled>
              <IsSecured>0</IsSecured>
              <IntroducedVersion>1.0.0.0</IntroducedVersion>
              <IsCustomizable>1</IsCustomizable>
              <IsRenameable>1</IsRenameable>
              <CanModifySearchSettings>1</CanModifySearchSettings>
              <CanModifyRequirementLevelSettings>1</CanModifyRequirementLevelSettings>
              <CanModifyAdditionalSettings>1</CanModifyAdditionalSettings>
              <SourceType>0</SourceType>
              <IsGlobalFilterEnabled>0</IsGlobalFilterEnabled>
              <IsSortableEnabled>0</IsSortableEnabled>
              <CanModifyGlobalFilterSettings>1</CanModifyGlobalFilterSettings>
              <CanModifyIsSortableSettings>1</CanModifyIsSortableSettings>
              <IsDataSourceSecret>0</IsDataSourceSecret>
              <AutoNumberFormat></AutoNumberFormat>
              <IsSearchable>0</IsSearchable>
              <IsFilterable>0</IsFilterable>
              <IsRetrievable>0</IsRetrievable>
              <IsLocalizable>0</IsLocalizable>
              <Format>text</Format>
              <MaxLength>100</MaxLength>
              <Length>200</Length>
              <displaynames>
                <displayname description="Shape" languagecode="1033" />
              </displaynames>
              <Descriptions>
                <Description description="" languagecode="1033" />
              </Descriptions>
            </attribute>
            <attribute PhysicalName="cr3b8_SleighSightingId">
              <Type>primarykey</Type>
              <Name>cr3b8_sleighsightingid</Name>
              <LogicalName>cr3b8_sleighsightingid</LogicalName>
              <RequiredLevel>systemrequired</RequiredLevel>
              <DisplayMask>ValidForAdvancedFind|RequiredForGrid</DisplayMask>
              <ImeMode>auto</ImeMode>
              <ValidForUpdateApi>0</ValidForUpdateApi>
              <ValidForReadApi>1</ValidForReadApi>
              <ValidForCreateApi>1</ValidForCreateApi>
              <IsCustomField>0</IsCustomField>
              <IsAuditEnabled>0</IsAuditEnabled>
              <IsSecured>0</IsSecured>
              <IntroducedVersion>1.0.0.0</IntroducedVersion>
              <IsCustomizable>1</IsCustomizable>
              <IsRenameable>1</IsRenameable>
              <CanModifySearchSettings>1</CanModifySearchSettings>
              <CanModifyRequirementLevelSettings>0</CanModifyRequirementLevelSettings>
              <CanModifyAdditionalSettings>1</CanModifyAdditionalSettings>
              <SourceType>0</SourceType>
              <IsGlobalFilterEnabled>0</IsGlobalFilterEnabled>
              <IsSortableEnabled>0</IsSortableEnabled>
              <CanModifyGlobalFilterSettings>1</CanModifyGlobalFilterSettings>
              <CanModifyIsSortableSettings>1</CanModifyIsSortableSettings>
              <IsDataSourceSecret>0</IsDataSourceSecret>
              <AutoNumberFormat></AutoNumberFormat>
              <IsSearchable>0</IsSearchable>
              <IsFilterable>1</IsFilterable>
              <IsRetrievable>1</IsRetrievable>
              <IsLocalizable>0</IsLocalizable>
              <displaynames>
                <displayname description="Sleigh Sighting" languagecode="1033" />
              </displaynames>
              <Descriptions>
                <Description description="Unique identifier for entity instances" languagecode="1033" />
              </Descriptions>
            </attribute>
            <attribute PhysicalName="cr3b8_SSStatus">
              <Type>nvarchar</Type>
              <Name>cr3b8_ssstatus</Name>
              <LogicalName>cr3b8_ssstatus</LogicalName>
              <RequiredLevel>none</RequiredLevel>
              <DisplayMask>ValidForAdvancedFind|ValidForForm|ValidForGrid</DisplayMask>
              <ImeMode>auto</ImeMode>
              <ValidForUpdateApi>1</ValidForUpdateApi>
              <ValidForReadApi>1</ValidForReadApi>
              <ValidForCreateApi>1</ValidForCreateApi>
              <IsCustomField>1</IsCustomField>
              <IsAuditEnabled>1</IsAuditEnabled>
              <IsSecured>0</IsSecured>
              <IntroducedVersion>1.0.0.0</IntroducedVersion>
              <IsCustomizable>1</IsCustomizable>
              <IsRenameable>1</IsRenameable>
              <CanModifySearchSettings>1</CanModifySearchSettings>
              <CanModifyRequirementLevelSettings>1</CanModifyRequirementLevelSettings>
              <CanModifyAdditionalSettings>1</CanModifyAdditionalSettings>
              <SourceType>0</SourceType>
              <IsGlobalFilterEnabled>0</IsGlobalFilterEnabled>
              <IsSortableEnabled>0</IsSortableEnabled>
              <CanModifyGlobalFilterSettings>1</CanModifyGlobalFilterSettings>
              <CanModifyIsSortableSettings>1</CanModifyIsSortableSettings>
              <IsDataSourceSecret>0</IsDataSourceSecret>
              <AutoNumberFormat></AutoNumberFormat>
              <IsSearchable>0</IsSearchable>
              <IsFilterable>0</IsFilterable>
              <IsRetrievable>0</IsRetrievable>
              <IsLocalizable>0</IsLocalizable>
              <Format>text</Format>
              <MaxLength>100</MaxLength>
              <Length>200</Length>
              <displaynames>
                <displayname description="SS Status" languagecode="1033" />
              </displaynames>
              <Descriptions>
                <Description description="" languagecode="1033" />
              </Descriptions>
            </attribute>
            <attribute PhysicalName="cr3b8_UniqueID">
              <Type>nvarchar</Type>
              <Name>cr3b8_uniqueid</Name>
              <LogicalName>cr3b8_uniqueid</LogicalName>
              <RequiredLevel>none</RequiredLevel>
              <DisplayMask>ReadOnlyInUI|ValidForAdvancedFind|ValidForForm|ValidForGrid</DisplayMask>
              <ImeMode>auto</ImeMode>
              <ValidForUpdateApi>1</ValidForUpdateApi>
              <ValidForReadApi>1</ValidForReadApi>
              <ValidForCreateApi>1</ValidForCreateApi>
              <IsCustomField>1</IsCustomField>
              <IsAuditEnabled>1</IsAuditEnabled>
              <IsSecured>0</IsSecured>
              <IntroducedVersion>1.0.0.0</IntroducedVersion>
              <IsCustomizable>1</IsCustomizable>
              <IsRenameable>1</IsRenameable>
              <CanModifySearchSettings>1</CanModifySearchSettings>
              <CanModifyRequirementLevelSettings>1</CanModifyRequirementLevelSettings>
              <CanModifyAdditionalSettings>1</CanModifyAdditionalSettings>
              <SourceType>0</SourceType>
              <IsGlobalFilterEnabled>0</IsGlobalFilterEnabled>
              <IsSortableEnabled>0</IsSortableEnabled>
              <CanModifyGlobalFilterSettings>1</CanModifyGlobalFilterSettings>
              <CanModifyIsSortableSettings>1</CanModifyIsSortableSettings>
              <IsDataSourceSecret>0</IsDataSourceSecret>
              <AutoNumberFormat>SS-{SEQNUM:4}</AutoNumberFormat>
              <IsSearchable>0</IsSearchable>
              <IsFilterable>0</IsFilterable>
              <IsRetrievable>0</IsRetrievable>
              <IsLocalizable>0</IsLocalizable>
              <Format>text</Format>
              <MaxLength>100</MaxLength>
              <Length>200</Length>
              <displaynames>
                <displayname description="Unique ID" languagecode="1033" />
              </displaynames>
              <Descriptions>
                <Description description="" languagecode="1033" />
              </Descriptions>
            </attribute>
            <attribute PhysicalName="CreatedBy">
              <Type>lookup</Type>
              <Name>createdby</Name>
              <LogicalName>createdby</LogicalName>
              <RequiredLevel>none</RequiredLevel>
              <DisplayMask>ValidForAdvancedFind|ValidForForm|ValidForGrid</DisplayMask>
              <ImeMode>auto</ImeMode>
              <ValidForUpdateApi>0</ValidForUpdateApi>
              <ValidForReadApi>1</ValidForReadApi>
              <ValidForCreateApi>0</ValidForCreateApi>
              <IsCustomField>0</IsCustomField>
              <IsAuditEnabled>0</IsAuditEnabled>
              <IsSecured>0</IsSecured>
              <IntroducedVersion>1.0.0.0</IntroducedVersion>
              <IsCustomizable>1</IsCustomizable>
              <IsRenameable>1</IsRenameable>
              <CanModifySearchSettings>1</CanModifySearchSettings>
              <CanModifyRequirementLevelSettings>1</CanModifyRequirementLevelSettings>
              <CanModifyAdditionalSettings>1</CanModifyAdditionalSettings>
              <SourceType>0</SourceType>
              <IsGlobalFilterEnabled>0</IsGlobalFilterEnabled>
              <IsSortableEnabled>0</IsSortableEnabled>
              <CanModifyGlobalFilterSettings>1</CanModifyGlobalFilterSettings>
              <CanModifyIsSortableSettings>1</CanModifyIsSortableSettings>
              <IsDataSourceSecret>0</IsDataSourceSecret>
              <AutoNumberFormat></AutoNumberFormat>
              <IsSearchable>0</IsSearchable>
              <IsFilterable>0</IsFilterable>
              <IsRetrievable>0</IsRetrievable>
              <IsLocalizable>0</IsLocalizable>
              <LookupStyle>single</LookupStyle>
              <LookupTypes />
              <displaynames>
                <displayname description="Created By" languagecode="1033" />
              </displaynames>
              <Descriptions>
                <Description description="Unique identifier of the user who created the record." languagecode="1033" />
              </Descriptions>
            </attribute>
            <attribute PhysicalName="CreatedOn">
              <Type>datetime</Type>
              <Name>createdon</Name>
              <LogicalName>createdon</LogicalName>
              <RequiredLevel>none</RequiredLevel>
              <DisplayMask>ValidForAdvancedFind|ValidForForm|ValidForGrid</DisplayMask>
              <ImeMode>inactive</ImeMode>
              <ValidForUpdateApi>0</ValidForUpdateApi>
              <ValidForReadApi>1</ValidForReadApi>
              <ValidForCreateApi>0</ValidForCreateApi>
              <IsCustomField>0</IsCustomField>
              <IsAuditEnabled>0</IsAuditEnabled>
              <IsSecured>0</IsSecured>
              <IntroducedVersion>1.0.0.0</IntroducedVersion>
              <IsCustomizable>1</IsCustomizable>
              <IsRenameable>1</IsRenameable>
              <CanModifySearchSettings>1</CanModifySearchSettings>
              <CanModifyRequirementLevelSettings>1</CanModifyRequirementLevelSettings>
              <CanModifyAdditionalSettings>1</CanModifyAdditionalSettings>
              <SourceType>0</SourceType>
              <IsGlobalFilterEnabled>0</IsGlobalFilterEnabled>
              <IsSortableEnabled>0</IsSortableEnabled>
              <CanModifyGlobalFilterSettings>1</CanModifyGlobalFilterSettings>
              <CanModifyIsSortableSettings>1</CanModifyIsSortableSettings>
              <IsDataSourceSecret>0</IsDataSourceSecret>
              <AutoNumberFormat></AutoNumberFormat>
              <IsSearchable>0</IsSearchable>
              <IsFilterable>1</IsFilterable>
              <IsRetrievable>1</IsRetrievable>
              <IsLocalizable>0</IsLocalizable>
              <Format>datetime</Format>
              <CanChangeDateTimeBehavior>0</CanChangeDateTimeBehavior>
              <Behavior>1</Behavior>
              <displaynames>
                <displayname description="Created On" languagecode="1033" />
              </displaynames>
              <Descriptions>
                <Description description="Date and time when the record was created." languagecode="1033" />
              </Descriptions>
            </attribute>
            <attribute PhysicalName="CreatedOnBehalfBy">
              <Type>lookup</Type>
              <Name>createdonbehalfby</Name>
              <LogicalName>createdonbehalfby</LogicalName>
              <RequiredLevel>none</RequiredLevel>
              <DisplayMask>ValidForAdvancedFind|ValidForForm|ValidForGrid</DisplayMask>
              <ImeMode>auto</ImeMode>
              <ValidForUpdateApi>0</ValidForUpdateApi>
              <ValidForReadApi>1</ValidForReadApi>
              <ValidForCreateApi>0</ValidForCreateApi>
              <IsCustomField>0</IsCustomField>
              <IsAuditEnabled>0</IsAuditEnabled>
              <IsSecured>0</IsSecured>
              <IntroducedVersion>1.0.0.0</IntroducedVersion>
              <IsCustomizable>1</IsCustomizable>
              <IsRenameable>1</IsRenameable>
              <CanModifySearchSettings>1</CanModifySearchSettings>
              <CanModifyRequirementLevelSettings>1</CanModifyRequirementLevelSettings>
              <CanModifyAdditionalSettings>1</CanModifyAdditionalSettings>
              <SourceType>0</SourceType>
              <IsGlobalFilterEnabled>0</IsGlobalFilterEnabled>
              <IsSortableEnabled>0</IsSortableEnabled>
              <CanModifyGlobalFilterSettings>1</CanModifyGlobalFilterSettings>
              <CanModifyIsSortableSettings>1</CanModifyIsSortableSettings>
              <IsDataSourceSecret>0</IsDataSourceSecret>
              <AutoNumberFormat></AutoNumberFormat>
              <IsSearchable>0</IsSearchable>
              <IsFilterable>0</IsFilterable>
              <IsRetrievable>0</IsRetrievable>
              <IsLocalizable>0</IsLocalizable>
              <LookupStyle>single</LookupStyle>
              <LookupTypes />
              <displaynames>
                <displayname description="Created By (Delegate)" languagecode="1033" />
              </displaynames>
              <Descriptions>
                <Description description="Unique identifier of the delegate user who created the record." languagecode="1033" />
              </Descriptions>
            </attribute>
            <attribute PhysicalName="ImportSequenceNumber">
              <Type>int</Type>
              <Name>importsequencenumber</Name>
              <LogicalName>importsequencenumber</LogicalName>
              <RequiredLevel>none</RequiredLevel>
              <DisplayMask>ValidForAdvancedFind</DisplayMask>
              <ImeMode>disabled</ImeMode>
              <ValidForUpdateApi>0</ValidForUpdateApi>
              <ValidForReadApi>1</ValidForReadApi>
              <ValidForCreateApi>1</ValidForCreateApi>
              <IsCustomField>0</IsCustomField>
              <IsAuditEnabled>1</IsAuditEnabled>
              <IsSecured>0</IsSecured>
              <IntroducedVersion>1.0.0.0</IntroducedVersion>
              <IsCustomizable>1</IsCustomizable>
              <IsRenameable>1</IsRenameable>
              <CanModifySearchSettings>1</CanModifySearchSettings>
              <CanModifyRequirementLevelSettings>1</CanModifyRequirementLevelSettings>
              <CanModifyAdditionalSettings>1</CanModifyAdditionalSettings>
              <SourceType>0</SourceType>
              <IsGlobalFilterEnabled>0</IsGlobalFilterEnabled>
              <IsSortableEnabled>0</IsSortableEnabled>
              <CanModifyGlobalFilterSettings>1</CanModifyGlobalFilterSettings>
              <CanModifyIsSortableSettings>1</CanModifyIsSortableSettings>
              <IsDataSourceSecret>0</IsDataSourceSecret>
              <AutoNumberFormat></AutoNumberFormat>
              <IsSearchable>0</IsSearchable>
              <IsFilterable>0</IsFilterable>
              <IsRetrievable>0</IsRetrievable>
              <IsLocalizable>0</IsLocalizable>
              <Format></Format>
              <MinValue>-2147483648</MinValue>
              <MaxValue>2147483647</MaxValue>
              <displaynames>
                <displayname description="Import Sequence Number" languagecode="1033" />
              </displaynames>
              <Descriptions>
                <Description description="Sequence number of the import that created this record." languagecode="1033" />
              </Descriptions>
            </attribute>
            <attribute PhysicalName="ModifiedBy">
              <Type>lookup</Type>
              <Name>modifiedby</Name>
              <LogicalName>modifiedby</LogicalName>
              <RequiredLevel>none</RequiredLevel>
              <DisplayMask>ValidForAdvancedFind|ValidForForm|ValidForGrid</DisplayMask>
              <ImeMode>auto</ImeMode>
              <ValidForUpdateApi>0</ValidForUpdateApi>
              <ValidForReadApi>1</ValidForReadApi>
              <ValidForCreateApi>0</ValidForCreateApi>
              <IsCustomField>0</IsCustomField>
              <IsAuditEnabled>0</IsAuditEnabled>
              <IsSecured>0</IsSecured>
              <IntroducedVersion>1.0.0.0</IntroducedVersion>
              <IsCustomizable>1</IsCustomizable>
              <IsRenameable>1</IsRenameable>
              <CanModifySearchSettings>1</CanModifySearchSettings>
              <CanModifyRequirementLevelSettings>1</CanModifyRequirementLevelSettings>
              <CanModifyAdditionalSettings>1</CanModifyAdditionalSettings>
              <SourceType>0</SourceType>
              <IsGlobalFilterEnabled>0</IsGlobalFilterEnabled>
              <IsSortableEnabled>0</IsSortableEnabled>
              <CanModifyGlobalFilterSettings>1</CanModifyGlobalFilterSettings>
              <CanModifyIsSortableSettings>1</CanModifyIsSortableSettings>
              <IsDataSourceSecret>0</IsDataSourceSecret>
              <AutoNumberFormat></AutoNumberFormat>
              <IsSearchable>0</IsSearchable>
              <IsFilterable>0</IsFilterable>
              <IsRetrievable>0</IsRetrievable>
              <IsLocalizable>0</IsLocalizable>
              <LookupStyle>single</LookupStyle>
              <LookupTypes />
              <displaynames>
                <displayname description="Modified By" languagecode="1033" />
              </displaynames>
              <Descriptions>
                <Description description="Unique identifier of the user who modified the record." languagecode="1033" />
              </Descriptions>
            </attribute>
            <attribute PhysicalName="ModifiedOn">
              <Type>datetime</Type>
              <Name>modifiedon</Name>
              <LogicalName>modifiedon</LogicalName>
              <RequiredLevel>none</RequiredLevel>
              <DisplayMask>ValidForAdvancedFind|ValidForForm|ValidForGrid</DisplayMask>
              <ImeMode>inactive</ImeMode>
              <ValidForUpdateApi>0</ValidForUpdateApi>
              <ValidForReadApi>1</ValidForReadApi>
              <ValidForCreateApi>0</ValidForCreateApi>
              <IsCustomField>0</IsCustomField>
              <IsAuditEnabled>0</IsAuditEnabled>
              <IsSecured>0</IsSecured>
              <IntroducedVersion>1.0.0.0</IntroducedVersion>
              <IsCustomizable>1</IsCustomizable>
              <IsRenameable>1</IsRenameable>
              <CanModifySearchSettings>1</CanModifySearchSettings>
              <CanModifyRequirementLevelSettings>1</CanModifyRequirementLevelSettings>
              <CanModifyAdditionalSettings>1</CanModifyAdditionalSettings>
              <SourceType>0</SourceType>
              <IsGlobalFilterEnabled>0</IsGlobalFilterEnabled>
              <IsSortableEnabled>0</IsSortableEnabled>
              <CanModifyGlobalFilterSettings>1</CanModifyGlobalFilterSettings>
              <CanModifyIsSortableSettings>1</CanModifyIsSortableSettings>
              <IsDataSourceSecret>0</IsDataSourceSecret>
              <AutoNumberFormat></AutoNumberFormat>
              <IsSearchable>0</IsSearchable>
              <IsFilterable>1</IsFilterable>
              <IsRetrievable>1</IsRetrievable>
              <IsLocalizable>0</IsLocalizable>
              <Format>datetime</Format>
              <CanChangeDateTimeBehavior>0</CanChangeDateTimeBehavior>
              <Behavior>1</Behavior>
              <displaynames>
                <displayname description="Modified On" languagecode="1033" />
              </displaynames>
              <Descriptions>
                <Description description="Date and time when the record was modified." languagecode="1033" />
              </Descriptions>
            </attribute>
            <attribute PhysicalName="ModifiedOnBehalfBy">
              <Type>lookup</Type>
              <Name>modifiedonbehalfby</Name>
              <LogicalName>modifiedonbehalfby</LogicalName>
              <RequiredLevel>none</RequiredLevel>
              <DisplayMask>ValidForAdvancedFind|ValidForForm|ValidForGrid</DisplayMask>
              <ImeMode>auto</ImeMode>
              <ValidForUpdateApi>0</ValidForUpdateApi>
              <ValidForReadApi>1</ValidForReadApi>
              <ValidForCreateApi>0</ValidForCreateApi>
              <IsCustomField>0</IsCustomField>
              <IsAuditEnabled>0</IsAuditEnabled>
              <IsSecured>0</IsSecured>
              <IntroducedVersion>1.0.0.0</IntroducedVersion>
              <IsCustomizable>1</IsCustomizable>
              <IsRenameable>1</IsRenameable>
              <CanModifySearchSettings>1</CanModifySearchSettings>
              <CanModifyRequirementLevelSettings>1</CanModifyRequirementLevelSettings>
              <CanModifyAdditionalSettings>1</CanModifyAdditionalSettings>
              <SourceType>0</SourceType>
              <IsGlobalFilterEnabled>0</IsGlobalFilterEnabled>
              <IsSortableEnabled>0</IsSortableEnabled>
              <CanModifyGlobalFilterSettings>1</CanModifyGlobalFilterSettings>
              <CanModifyIsSortableSettings>1</CanModifyIsSortableSettings>
              <IsDataSourceSecret>0</IsDataSourceSecret>
              <AutoNumberFormat></AutoNumberFormat>
              <IsSearchable>0</IsSearchable>
              <IsFilterable>0</IsFilterable>
              <IsRetrievable>0</IsRetrievable>
              <IsLocalizable>0</IsLocalizable>
              <LookupStyle>single</LookupStyle>
              <LookupTypes />
              <displaynames>
                <displayname description="Modified By (Delegate)" languagecode="1033" />
              </displaynames>
              <Descriptions>
                <Description description="Unique identifier of the delegate user who modified the record." languagecode="1033" />
              </Descriptions>
            </attribute>
            <attribute PhysicalName="new_Country">
              <Type>nvarchar</Type>
              <Name>new_country</Name>
              <LogicalName>new_country</LogicalName>
              <RequiredLevel>none</RequiredLevel>
              <DisplayMask>ValidForAdvancedFind|ValidForForm|ValidForGrid</DisplayMask>
              <ImeMode>auto</ImeMode>
              <ValidForUpdateApi>1</ValidForUpdateApi>
              <ValidForReadApi>1</ValidForReadApi>
              <ValidForCreateApi>1</ValidForCreateApi>
              <IsCustomField>1</IsCustomField>
              <IsAuditEnabled>1</IsAuditEnabled>
              <IsSecured>0</IsSecured>
              <IntroducedVersion>1.0.0.3</IntroducedVersion>
              <IsCustomizable>1</IsCustomizable>
              <IsRenameable>1</IsRenameable>
              <CanModifySearchSettings>1</CanModifySearchSettings>
              <CanModifyRequirementLevelSettings>1</CanModifyRequirementLevelSettings>
              <CanModifyAdditionalSettings>1</CanModifyAdditionalSettings>
              <SourceType>0</SourceType>
              <IsGlobalFilterEnabled>0</IsGlobalFilterEnabled>
              <IsSortableEnabled>0</IsSortableEnabled>
              <CanModifyGlobalFilterSettings>1</CanModifyGlobalFilterSettings>
              <CanModifyIsSortableSettings>1</CanModifyIsSortableSettings>
              <IsDataSourceSecret>0</IsDataSourceSecret>
              <AutoNumberFormat></AutoNumberFormat>
              <IsSearchable>0</IsSearchable>
              <IsFilterable>0</IsFilterable>
              <IsRetrievable>0</IsRetrievable>
              <IsLocalizable>0</IsLocalizable>
              <Format>text</Format>
              <MaxLength>100</MaxLength>
              <Length>200</Length>
              <displaynames>
                <displayname description="Country" languagecode="1033" />
              </displaynames>
              <Descriptions>
                <Description description="" languagecode="1033" />
              </Descriptions>
            </attribute>
            <attribute PhysicalName="OverriddenCreatedOn">
              <Type>datetime</Type>
              <Name>overriddencreatedon</Name>
              <LogicalName>overriddencreatedon</LogicalName>
              <RequiredLevel>none</RequiredLevel>
              <DisplayMask>ValidForAdvancedFind|ValidForGrid</DisplayMask>
              <ImeMode>inactive</ImeMode>
              <ValidForUpdateApi>0</ValidForUpdateApi>
              <ValidForReadApi>1</ValidForReadApi>
              <ValidForCreateApi>1</ValidForCreateApi>
              <IsCustomField>0</IsCustomField>
              <IsAuditEnabled>1</IsAuditEnabled>
              <IsSecured>0</IsSecured>
              <IntroducedVersion>1.0.0.0</IntroducedVersion>
              <IsCustomizable>1</IsCustomizable>
              <IsRenameable>1</IsRenameable>
              <CanModifySearchSettings>1</CanModifySearchSettings>
              <CanModifyRequirementLevelSettings>1</CanModifyRequirementLevelSettings>
              <CanModifyAdditionalSettings>1</CanModifyAdditionalSettings>
              <SourceType>0</SourceType>
              <IsGlobalFilterEnabled>0</IsGlobalFilterEnabled>
              <IsSortableEnabled>0</IsSortableEnabled>
              <CanModifyGlobalFilterSettings>1</CanModifyGlobalFilterSettings>
              <CanModifyIsSortableSettings>1</CanModifyIsSortableSettings>
              <IsDataSourceSecret>0</IsDataSourceSecret>
              <AutoNumberFormat></AutoNumberFormat>
              <IsSearchable>0</IsSearchable>
              <IsFilterable>0</IsFilterable>
              <IsRetrievable>0</IsRetrievable>
              <IsLocalizable>0</IsLocalizable>
              <Format>date</Format>
              <CanChangeDateTimeBehavior>0</CanChangeDateTimeBehavior>
              <Behavior>1</Behavior>
              <displaynames>
                <displayname description="Record Created On" languagecode="1033" />
              </displaynames>
              <Descriptions>
                <Description description="Date and time that the record was migrated." languagecode="1033" />
              </Descriptions>
            </attribute>
            <attribute PhysicalName="OwnerId">
              <Type>owner</Type>
              <Name>ownerid</Name>
              <LogicalName>ownerid</LogicalName>
              <RequiredLevel>systemrequired</RequiredLevel>
              <DisplayMask>ValidForAdvancedFind|ValidForForm|ValidForGrid|RequiredForForm</DisplayMask>
              <ImeMode>auto</ImeMode>
              <ValidForUpdateApi>1</ValidForUpdateApi>
              <ValidForReadApi>1</ValidForReadApi>
              <ValidForCreateApi>1</ValidForCreateApi>
              <IsCustomField>0</IsCustomField>
              <IsAuditEnabled>1</IsAuditEnabled>
              <IsSecured>0</IsSecured>
              <IntroducedVersion>1.0.0.0</IntroducedVersion>
              <IsCustomizable>1</IsCustomizable>
              <IsRenameable>1</IsRenameable>
              <CanModifySearchSettings>1</CanModifySearchSettings>
              <CanModifyRequirementLevelSettings>1</CanModifyRequirementLevelSettings>
              <CanModifyAdditionalSettings>1</CanModifyAdditionalSettings>
              <SourceType>0</SourceType>
              <IsGlobalFilterEnabled>0</IsGlobalFilterEnabled>
              <IsSortableEnabled>0</IsSortableEnabled>
              <CanModifyGlobalFilterSettings>1</CanModifyGlobalFilterSettings>
              <CanModifyIsSortableSettings>1</CanModifyIsSortableSettings>
              <IsDataSourceSecret>0</IsDataSourceSecret>
              <AutoNumberFormat></AutoNumberFormat>
              <IsSearchable>0</IsSearchable>
              <IsFilterable>1</IsFilterable>
              <IsRetrievable>0</IsRetrievable>
              <IsLocalizable>0</IsLocalizable>
              <LookupStyle>single</LookupStyle>
              <LookupTypes>
                <LookupType id="00000000-0000-0000-0000-000000000000">8</LookupType>
                <LookupType id="00000000-0000-0000-0000-000000000000">9</LookupType>
              </LookupTypes>
              <displaynames>
                <displayname description="Owner" languagecode="1033" />
              </displaynames>
              <Descriptions>
                <Description description="Owner Id" languagecode="1033" />
              </Descriptions>
            </attribute>
            <attribute PhysicalName="OwningBusinessUnit">
              <Type>lookup</Type>
              <Name>owningbusinessunit</Name>
              <LogicalName>owningbusinessunit</LogicalName>
              <RequiredLevel>none</RequiredLevel>
              <ImeMode>auto</ImeMode>
              <ValidForUpdateApi>0</ValidForUpdateApi>
              <ValidForReadApi>1</ValidForReadApi>
              <ValidForCreateApi>0</ValidForCreateApi>
              <IsCustomField>0</IsCustomField>
              <IsAuditEnabled>0</IsAuditEnabled>
              <IsSecured>0</IsSecured>
              <IntroducedVersion>1.0.0.0</IntroducedVersion>
              <IsCustomizable>1</IsCustomizable>
              <IsRenameable>1</IsRenameable>
              <CanModifySearchSettings>1</CanModifySearchSettings>
              <CanModifyRequirementLevelSettings>1</CanModifyRequirementLevelSettings>
              <CanModifyAdditionalSettings>1</CanModifyAdditionalSettings>
              <SourceType>0</SourceType>
              <IsGlobalFilterEnabled>0</IsGlobalFilterEnabled>
              <IsSortableEnabled>0</IsSortableEnabled>
              <CanModifyGlobalFilterSettings>1</CanModifyGlobalFilterSettings>
              <CanModifyIsSortableSettings>1</CanModifyIsSortableSettings>
              <IsDataSourceSecret>0</IsDataSourceSecret>
              <AutoNumberFormat></AutoNumberFormat>
              <IsSearchable>0</IsSearchable>
              <IsFilterable>1</IsFilterable>
              <IsRetrievable>0</IsRetrievable>
              <IsLocalizable>0</IsLocalizable>
              <LookupStyle>single</LookupStyle>
              <LookupTypes />
              <displaynames>
                <displayname description="Owning Business Unit" languagecode="1033" />
              </displaynames>
              <Descriptions>
                <Description description="Unique identifier for the business unit that owns the record" languagecode="1033" />
              </Descriptions>
            </attribute>
            <attribute PhysicalName="OwningTeam">
              <Type>lookup</Type>
              <Name>owningteam</Name>
              <LogicalName>owningteam</LogicalName>
              <RequiredLevel>none</RequiredLevel>
              <ImeMode>auto</ImeMode>
              <ValidForUpdateApi>0</ValidForUpdateApi>
              <ValidForReadApi>1</ValidForReadApi>
              <ValidForCreateApi>0</ValidForCreateApi>
              <IsCustomField>0</IsCustomField>
              <IsAuditEnabled>0</IsAuditEnabled>
              <IsLogical>1</IsLogical>
              <IsSecured>0</IsSecured>
              <IntroducedVersion>1.0.0.0</IntroducedVersion>
              <IsCustomizable>1</IsCustomizable>
              <IsRenameable>1</IsRenameable>
              <CanModifySearchSettings>1</CanModifySearchSettings>
              <CanModifyRequirementLevelSettings>1</CanModifyRequirementLevelSettings>
              <CanModifyAdditionalSettings>1</CanModifyAdditionalSettings>
              <SourceType>0</SourceType>
              <IsGlobalFilterEnabled>0</IsGlobalFilterEnabled>
              <IsSortableEnabled>0</IsSortableEnabled>
              <CanModifyGlobalFilterSettings>1</CanModifyGlobalFilterSettings>
              <CanModifyIsSortableSettings>1</CanModifyIsSortableSettings>
              <IsDataSourceSecret>0</IsDataSourceSecret>
              <AutoNumberFormat></AutoNumberFormat>
              <IsSearchable>0</IsSearchable>
              <IsFilterable>0</IsFilterable>
              <IsRetrievable>0</IsRetrievable>
              <IsLocalizable>0</IsLocalizable>
              <LookupStyle>single</LookupStyle>
              <LookupTypes />
              <displaynames>
                <displayname description="Owning Team" languagecode="1033" />
              </displaynames>
              <Descriptions>
                <Description description="Unique identifier for the team that owns the record." languagecode="1033" />
              </Descriptions>
            </attribute>
            <attribute PhysicalName="OwningUser">
              <Type>lookup</Type>
              <Name>owninguser</Name>
              <LogicalName>owninguser</LogicalName>
              <RequiredLevel>none</RequiredLevel>
              <ImeMode>auto</ImeMode>
              <ValidForUpdateApi>0</ValidForUpdateApi>
              <ValidForReadApi>1</ValidForReadApi>
              <ValidForCreateApi>0</ValidForCreateApi>
              <IsCustomField>0</IsCustomField>
              <IsAuditEnabled>0</IsAuditEnabled>
              <IsLogical>1</IsLogical>
              <IsSecured>0</IsSecured>
              <IntroducedVersion>1.0.0.0</IntroducedVersion>
              <IsCustomizable>1</IsCustomizable>
              <IsRenameable>1</IsRenameable>
              <CanModifySearchSettings>1</CanModifySearchSettings>
              <CanModifyRequirementLevelSettings>1</CanModifyRequirementLevelSettings>
              <CanModifyAdditionalSettings>1</CanModifyAdditionalSettings>
              <SourceType>0</SourceType>
              <IsGlobalFilterEnabled>0</IsGlobalFilterEnabled>
              <IsSortableEnabled>0</IsSortableEnabled>
              <CanModifyGlobalFilterSettings>1</CanModifyGlobalFilterSettings>
              <CanModifyIsSortableSettings>1</CanModifyIsSortableSettings>
              <IsDataSourceSecret>0</IsDataSourceSecret>
              <AutoNumberFormat></AutoNumberFormat>
              <IsSearchable>0</IsSearchable>
              <IsFilterable>0</IsFilterable>
              <IsRetrievable>0</IsRetrievable>
              <IsLocalizable>0</IsLocalizable>
              <LookupStyle>single</LookupStyle>
              <LookupTypes />
              <displaynames>
                <displayname description="Owning User" languagecode="1033" />
              </displaynames>
              <Descriptions>
                <Description description="Unique identifier for the user that owns the record." languagecode="1033" />
              </Descriptions>
            </attribute>
            <attribute PhysicalName="statecode">
              <Type>state</Type>
              <Name>statecode</Name>
              <LogicalName>statecode</LogicalName>
              <RequiredLevel>systemrequired</RequiredLevel>
              <DisplayMask>ValidForAdvancedFind|ValidForForm|ValidForGrid</DisplayMask>
              <ImeMode>auto</ImeMode>
              <ValidForUpdateApi>1</ValidForUpdateApi>
              <ValidForReadApi>1</ValidForReadApi>
              <ValidForCreateApi>0</ValidForCreateApi>
              <IsCustomField>0</IsCustomField>
              <IsAuditEnabled>1</IsAuditEnabled>
              <IsSecured>0</IsSecured>
              <IntroducedVersion>1.0.0.0</IntroducedVersion>
              <IsCustomizable>1</IsCustomizable>
              <IsRenameable>1</IsRenameable>
              <CanModifySearchSettings>1</CanModifySearchSettings>
              <CanModifyRequirementLevelSettings>1</CanModifyRequirementLevelSettings>
              <CanModifyAdditionalSettings>1</CanModifyAdditionalSettings>
              <SourceType>0</SourceType>
              <IsGlobalFilterEnabled>0</IsGlobalFilterEnabled>
              <IsSortableEnabled>0</IsSortableEnabled>
              <CanModifyGlobalFilterSettings>1</CanModifyGlobalFilterSettings>
              <CanModifyIsSortableSettings>1</CanModifyIsSortableSettings>
              <IsDataSourceSecret>0</IsDataSourceSecret>
              <AutoNumberFormat></AutoNumberFormat>
              <IsSearchable>0</IsSearchable>
              <IsFilterable>1</IsFilterable>
              <IsRetrievable>0</IsRetrievable>
              <IsLocalizable>0</IsLocalizable>
              <optionset Name="cr3b8_sleighsighting_statecode">
                <OptionSetType>state</OptionSetType>
                <IntroducedVersion>1.0.0.0</IntroducedVersion>
                <IsCustomizable>1</IsCustomizable>
                <displaynames>
                  <displayname description="Status" languagecode="1033" />
                </displaynames>
                <Descriptions>
                  <Description description="Status of the Sleigh Sighting" languagecode="1033" />
                </Descriptions>
                <states>
                  <state value="0" defaultstatus="1" invariantname="Active">
                    <labels>
                      <label description="Active" languagecode="1033" />
                    </labels>
                  </state>
                  <state value="1" defaultstatus="2" invariantname="Inactive">
                    <labels>
                      <label description="Inactive" languagecode="1033" />
                    </labels>
                  </state>
                </states>
              </optionset>
              <displaynames>
                <displayname description="Status" languagecode="1033" />
              </displaynames>
              <Descriptions>
                <Description description="Status of the Sleigh Sighting" languagecode="1033" />
              </Descriptions>
            </attribute>
            <attribute PhysicalName="statuscode">
              <Type>status</Type>
              <Name>statuscode</Name>
              <LogicalName>statuscode</LogicalName>
              <RequiredLevel>none</RequiredLevel>
              <DisplayMask>ValidForAdvancedFind|ValidForForm|ValidForGrid</DisplayMask>
              <ImeMode>auto</ImeMode>
              <ValidForUpdateApi>1</ValidForUpdateApi>
              <ValidForReadApi>1</ValidForReadApi>
              <ValidForCreateApi>1</ValidForCreateApi>
              <IsCustomField>0</IsCustomField>
              <IsAuditEnabled>1</IsAuditEnabled>
              <IsSecured>0</IsSecured>
              <IntroducedVersion>1.0.0.0</IntroducedVersion>
              <IsCustomizable>1</IsCustomizable>
              <IsRenameable>1</IsRenameable>
              <CanModifySearchSettings>1</CanModifySearchSettings>
              <CanModifyRequirementLevelSettings>1</CanModifyRequirementLevelSettings>
              <CanModifyAdditionalSettings>1</CanModifyAdditionalSettings>
              <SourceType>0</SourceType>
              <IsGlobalFilterEnabled>0</IsGlobalFilterEnabled>
              <IsSortableEnabled>0</IsSortableEnabled>
              <CanModifyGlobalFilterSettings>1</CanModifyGlobalFilterSettings>
              <CanModifyIsSortableSettings>1</CanModifyIsSortableSettings>
              <IsDataSourceSecret>0</IsDataSourceSecret>
              <AutoNumberFormat></AutoNumberFormat>
              <IsSearchable>0</IsSearchable>
              <IsFilterable>0</IsFilterable>
              <IsRetrievable>0</IsRetrievable>
              <IsLocalizable>0</IsLocalizable>
              <optionset Name="cr3b8_sleighsighting_statuscode">
                <OptionSetType>status</OptionSetType>
                <IntroducedVersion>1.0.0.0</IntroducedVersion>
                <IsCustomizable>1</IsCustomizable>
                <displaynames>
                  <displayname description="Status Reason" languagecode="1033" />
                </displaynames>
                <Descriptions>
                  <Description description="Reason for the status of the Sleigh Sighting" languagecode="1033" />
                </Descriptions>
                <statuses>
                  <status value="1" state="0">
                    <labels>
                      <label description="Active" languagecode="1033" />
                    </labels>
                  </status>
                  <status value="2" state="1">
                    <labels>
                      <label description="Inactive" languagecode="1033" />
                    </labels>
                  </status>
                </statuses>
              </optionset>
              <displaynames>
                <displayname description="Status Reason" languagecode="1033" />
              </displaynames>
              <Descriptions>
                <Description description="Reason for the status of the Sleigh Sighting" languagecode="1033" />
              </Descriptions>
            </attribute>
            <attribute PhysicalName="TimeZoneRuleVersionNumber">
              <Type>int</Type>
              <Name>timezoneruleversionnumber</Name>
              <LogicalName>timezoneruleversionnumber</LogicalName>
              <RequiredLevel>none</RequiredLevel>
              <ImeMode>auto</ImeMode>
              <ValidForUpdateApi>1</ValidForUpdateApi>
              <ValidForReadApi>1</ValidForReadApi>
              <ValidForCreateApi>1</ValidForCreateApi>
              <IsCustomField>0</IsCustomField>
              <IsAuditEnabled>0</IsAuditEnabled>
              <IsSecured>0</IsSecured>
              <IntroducedVersion>1.0.0.0</IntroducedVersion>
              <IsCustomizable>1</IsCustomizable>
              <IsRenameable>1</IsRenameable>
              <CanModifySearchSettings>1</CanModifySearchSettings>
              <CanModifyRequirementLevelSettings>1</CanModifyRequirementLevelSettings>
              <CanModifyAdditionalSettings>1</CanModifyAdditionalSettings>
              <SourceType>0</SourceType>
              <IsGlobalFilterEnabled>0</IsGlobalFilterEnabled>
              <IsSortableEnabled>0</IsSortableEnabled>
              <CanModifyGlobalFilterSettings>1</CanModifyGlobalFilterSettings>
              <CanModifyIsSortableSettings>1</CanModifyIsSortableSettings>
              <IsDataSourceSecret>0</IsDataSourceSecret>
              <AutoNumberFormat></AutoNumberFormat>
              <IsSearchable>0</IsSearchable>
              <IsFilterable>0</IsFilterable>
              <IsRetrievable>0</IsRetrievable>
              <IsLocalizable>0</IsLocalizable>
              <Format></Format>
              <MinValue>-1</MinValue>
              <MaxValue>2147483647</MaxValue>
              <displaynames>
                <displayname description="Time Zone Rule Version Number" languagecode="1033" />
              </displaynames>
              <Descriptions>
                <Description description="For internal use only." languagecode="1033" />
              </Descriptions>
            </attribute>
            <attribute PhysicalName="UTCConversionTimeZoneCode">
              <Type>int</Type>
              <Name>utcconversiontimezonecode</Name>
              <LogicalName>utcconversiontimezonecode</LogicalName>
              <RequiredLevel>none</RequiredLevel>
              <ImeMode>auto</ImeMode>
              <ValidForUpdateApi>1</ValidForUpdateApi>
              <ValidForReadApi>1</ValidForReadApi>
              <ValidForCreateApi>1</ValidForCreateApi>
              <IsCustomField>0</IsCustomField>
              <IsAuditEnabled>0</IsAuditEnabled>
              <IsSecured>0</IsSecured>
              <IntroducedVersion>1.0.0.0</IntroducedVersion>
              <IsCustomizable>1</IsCustomizable>
              <IsRenameable>1</IsRenameable>
              <CanModifySearchSettings>1</CanModifySearchSettings>
              <CanModifyRequirementLevelSettings>1</CanModifyRequirementLevelSettings>
              <CanModifyAdditionalSettings>1</CanModifyAdditionalSettings>
              <SourceType>0</SourceType>
              <IsGlobalFilterEnabled>0</IsGlobalFilterEnabled>
              <IsSortableEnabled>0</IsSortableEnabled>
              <CanModifyGlobalFilterSettings>1</CanModifyGlobalFilterSettings>
              <CanModifyIsSortableSettings>1</CanModifyIsSortableSettings>
              <IsDataSourceSecret>0</IsDataSourceSecret>
              <AutoNumberFormat></AutoNumberFormat>
              <IsSearchable>0</IsSearchable>
              <IsFilterable>0</IsFilterable>
              <IsRetrievable>0</IsRetrievable>
              <IsLocalizable>0</IsLocalizable>
              <Format></Format>
              <MinValue>-1</MinValue>
              <MaxValue>2147483647</MaxValue>
              <displaynames>
                <displayname description="UTC Conversion Time Zone Code" languagecode="1033" />
              </displaynames>
              <Descriptions>
                <Description description="Time zone code that was in use when the record was created." languagecode="1033" />
              </Descriptions>
            </attribute>
          </attributes>
          <EntitySetName>cr3b8_sleighsightings</EntitySetName>
          <IsDuplicateCheckSupported>0</IsDuplicateCheckSupported>
          <IsBusinessProcessEnabled>0</IsBusinessProcessEnabled>
          <IsRequiredOffline>0</IsRequiredOffline>
          <IsInteractionCentricEnabled>0</IsInteractionCentricEnabled>
          <IsCollaboration>0</IsCollaboration>
          <AutoRouteToOwnerQueue>0</AutoRouteToOwnerQueue>
          <IsConnectionsEnabled>0</IsConnectionsEnabled>
          <IsDocumentManagementEnabled>1</IsDocumentManagementEnabled>
          <AutoCreateAccessTeams>0</AutoCreateAccessTeams>
          <IsOneNoteIntegrationEnabled>0</IsOneNoteIntegrationEnabled>
          <IsKnowledgeManagementEnabled>0</IsKnowledgeManagementEnabled>
          <IsSLAEnabled>0</IsSLAEnabled>
          <IsDocumentRecommendationsEnabled>0</IsDocumentRecommendationsEnabled>
          <IsBPFEntity>0</IsBPFEntity>
          <OwnershipTypeMask>UserOwned</OwnershipTypeMask>
          <IsAuditEnabled>0</IsAuditEnabled>
          <IsRetrieveAuditEnabled>0</IsRetrieveAuditEnabled>
          <IsRetrieveMultipleAuditEnabled>0</IsRetrieveMultipleAuditEnabled>
          <IsActivity>0</IsActivity>
          <ActivityTypeMask>CommunicationActivity</ActivityTypeMask>
          <IsActivityParty>0</IsActivityParty>
          <IsReplicated>0</IsReplicated>
          <IsReplicationUserFiltered>0</IsReplicationUserFiltered>
          <IsMailMergeEnabled>1</IsMailMergeEnabled>
          <IsVisibleInMobile>0</IsVisibleInMobile>
          <IsVisibleInMobileClient>0</IsVisibleInMobileClient>
          <IsReadOnlyInMobileClient>0</IsReadOnlyInMobileClient>
          <IsOfflineInMobileClient>0</IsOfflineInMobileClient>
          <DaysSinceRecordLastModified>0</DaysSinceRecordLastModified>
          <MobileOfflineFilters></MobileOfflineFilters>
          <IsMapiGridEnabled>1</IsMapiGridEnabled>
          <IsReadingPaneEnabled>1</IsReadingPaneEnabled>
          <IsQuickCreateEnabled>1</IsQuickCreateEnabled>
          <SyncToExternalSearchIndex>0</SyncToExternalSearchIndex>
          <IntroducedVersion>1.0.0.0</IntroducedVersion>
          <IsCustomizable>1</IsCustomizable>
          <IsRenameable>1</IsRenameable>
          <IsMappable>1</IsMappable>
          <CanModifyAuditSettings>1</CanModifyAuditSettings>
          <CanModifyMobileVisibility>1</CanModifyMobileVisibility>
          <CanModifyMobileClientVisibility>1</CanModifyMobileClientVisibility>
          <CanModifyMobileClientReadOnly>1</CanModifyMobileClientReadOnly>
          <CanModifyMobileClientOffline>1</CanModifyMobileClientOffline>
          <CanModifyConnectionSettings>1</CanModifyConnectionSettings>
          <CanModifyDuplicateDetectionSettings>1</CanModifyDuplicateDetectionSettings>
          <CanModifyMailMergeSettings>1</CanModifyMailMergeSettings>
          <CanModifyQueueSettings>1</CanModifyQueueSettings>
          <CanCreateAttributes>1</CanCreateAttributes>
          <CanCreateForms>1</CanCreateForms>
          <CanCreateCharts>1</CanCreateCharts>
          <CanCreateViews>1</CanCreateViews>
          <CanModifyAdditionalSettings>1</CanModifyAdditionalSettings>
          <CanEnableSyncToExternalSearchIndex>1</CanEnableSyncToExternalSearchIndex>
          <EnforceStateTransitions>0</EnforceStateTransitions>
          <CanChangeHierarchicalRelationship>1</CanChangeHierarchicalRelationship>
          <EntityHelpUrlEnabled>0</EntityHelpUrlEnabled>
          <ChangeTrackingEnabled>1</ChangeTrackingEnabled>
          <CanChangeTrackingBeEnabled>1</CanChangeTrackingBeEnabled>
          <IsEnabledForExternalChannels>0</IsEnabledForExternalChannels>
          <IsSolutionAware>0</IsSolutionAware>
          <HasRelatedNotes>True</HasRelatedNotes>
        </entity>
      </EntityInfo>
      <FormXml>
        <forms type="card">
          <systemform>
            <formid>{922b1420-a7dd-4a7f-82ae-db83129f68fd}</formid>
            <IntroducedVersion>1.0.0.0</IntroducedVersion>
            <FormPresentation>1</FormPresentation>
            <FormActivationState>1</FormActivationState>
            <form>
              <tabs>
                <tab name="general" verticallayout="true" id="{729dfff0-65ef-4d0c-9ebc-84a61312f307}" IsUserDefined="0">
                  <labels>
                    <label description="" languagecode="1033" />
                  </labels>
                  <columns>
                    <column width="25%">
                      <sections>
                        <section name="ColorStrip" showlabel="false" showbar="false" columns="1" IsUserDefined="0" id="{3d112113-d5f1-4eb1-a1b1-28f5ff0272c6}">
                          <labels>
                            <label description="ColorStrip" languagecode="1033" />
                          </labels>
                        </section>
                      </sections>
                    </column>
                    <column width="75%">
                      <sections>
                        <section name="CardHeader" showlabel="false" showbar="false" columns="111" id="{0c715e41-3719-4218-8516-2ea6cda806a5}" IsUserDefined="0">
                          <labels>
                            <label description="Header" languagecode="1033" />
                          </labels>
                          <rows>
                            <row>
                              <cell id="{572b0743-d64a-4562-a788-0004fe0060f8}" showlabel="true" locklevel="0">
                                <labels>
                                  <label description="Status Reason" languagecode="1033" />
                                </labels>
                                <control id="statuscode" classid="{5D68B988-0661-4db2-BC3E-17598AD3BE6C}" datafieldname="statuscode" disabled="false" />
                              </cell>
                              <cell id="{494e07f4-fa53-482c-aef7-0107c849d48e}" showlabel="true" locklevel="0">
                                <labels>
                                  <label description="" languagecode="1033" />
                                </labels>
                              </cell>
                              <cell id="{999aa9d2-e92e-4b2f-b561-93b8b86f8c2d}" showlabel="true" locklevel="0">
                                <labels>
                                  <label description="" languagecode="1033" />
                                </labels>
                              </cell>
                            </row>
                          </rows>
                        </section>
                        <section name="CardDetails" showlabel="false" showbar="false" columns="1" id="{157112f8-2b54-4608-89b1-bc4a6d1ba49e}" IsUserDefined="0">
                          <labels>
                            <label description="Details" languagecode="1033" />
                          </labels>
                          <rows>
                            <row>
                              <cell id="{3b1360d0-d1a1-477e-9cab-07b55602e8d1}" showlabel="true" locklevel="0">
                                <labels>
                                  <label description="Name" languagecode="1033" />
                                </labels>
                                <control id="cr3b8_name" classid="{4273EDBD-AC1D-40d3-9FB2-095C621B552D}" datafieldname="cr3b8_name" disabled="false" />
                              </cell>
                            </row>
                          </rows>
                        </section>
                        <section name="CardFooter" showlabel="false" columns="1111" showbar="false" id="{cb3b3849-d6ae-4607-8d23-07e18c08cb60}" IsUserDefined="0">
                          <labels>
                            <label description="Footer" languagecode="1033" />
                          </labels>
                          <rows>
                            <row>
                              <cell id="{0e649dfc-4c4d-4417-9d28-a4b1ebdb2300}" showlabel="true" locklevel="0">
                                <labels>
                                  <label description="Owner" languagecode="1033" />
                                </labels>
                                <control id="ownerid" classid="{270BD3DB-D9AF-4782-9025-509E298DEC0A}" datafieldname="ownerid" disabled="false" />
                              </cell>
                              <cell id="{2ffb3509-0e60-461f-8710-8b4fcd3cf29e}" showlabel="true" locklevel="0">
                                <labels>
                                  <label description="Created On" languagecode="1033" />
                                </labels>
                                <control id="createdon" classid="{270BD3DB-D9AF-4782-9025-509E298DEC0A}" datafieldname="createdon" disabled="false" />
                              </cell>
                              <cell id="{91b41afd-9215-4d7c-921f-9915dfcadbba}" showlabel="true" locklevel="0">
                                <labels>
                                  <label description="" languagecode="1033" />
                                </labels>
                              </cell>
                              <cell id="{913ca87a-9e5a-4a61-9064-3dc5052f6bae}" showlabel="true" locklevel="0">
                                <labels>
                                  <label description="" languagecode="1033" />
                                </labels>
                              </cell>
                            </row>
                          </rows>
                        </section>
                      </sections>
                    </column>
                  </columns>
                </tab>
              </tabs>
            </form>
            <IsCustomizable>1</IsCustomizable>
            <CanBeDeleted>1</CanBeDeleted>
            <LocalizedNames>
              <LocalizedName description="Information" languagecode="1033" />
            </LocalizedNames>
            <Descriptions>
              <Description description="A card form for this entity." languagecode="1033" />
            </Descriptions>
          </systemform>
        </forms>
        <forms type="main">
          <systemform>
            <formid>{facc012c-d4c4-4531-8d0d-4c71cdc7200c}</formid>
            <IntroducedVersion>1.0.0.0</IntroducedVersion>
            <FormPresentation>1</FormPresentation>
            <FormActivationState>1</FormActivationState>
            <form>
              <tabs>
                <tab verticallayout="true" id="{7168cedd-0340-476e-9432-65a979598da1}" IsUserDefined="1">
                  <labels>
                    <label description="General" languagecode="1033" />
                  </labels>
                  <columns>
                    <column width="33%">
                      <sections>
                        <section showlabel="false" showbar="false" IsUserDefined="0" id="{3bbc9c98-1bc5-4059-8651-681d3794d53d}">
                          <labels>
                            <label description="General" languagecode="1033" />
                          </labels>
                          <rows>
                            <row>
                              <cell id="{7e80086d-76a8-4c3e-8914-ca993190ba14}">
                                <labels>
                                  <label description="Name" languagecode="1033" />
                                </labels>
                                <control id="cr3b8_name" classid="{4273EDBD-AC1D-40d3-9FB2-095C621B552D}" datafieldname="cr3b8_name" />
                              </cell>
                            </row>
                            <row>
                              <cell id="{7a3155ab-d00c-41c2-a265-0ef76d315169}">
                                <labels>
                                  <label description="Owner" languagecode="1033" />
                                </labels>
                                <control id="ownerid" classid="{270BD3DB-D9AF-4782-9025-509E298DEC0A}" datafieldname="ownerid" />
                              </cell>
                            </row>
                          </rows>
                        </section>
                      </sections>
                    </column>
                    <column width="66%">
                      <sections>
                        <section showlabel="false" showbar="false" id="{f4629ddd-8efd-450f-a61b-7ff875e330e3}" IsUserDefined="0" height="auto">
                          <labels>
                            <label description="Notes" languagecode="1033" />
                          </labels>
                          <rows>
                            <row>
                              <cell showlabel="false" rowspan="15" auto="false" id="{ded61d0c-86d2-41a3-a8fa-99b4bab35151}">
                                <labels>
                                  <label description="Note Text" languagecode="1033" />
                                </labels>
                                <control id="notescontrol" classid="{06375649-c143-495e-a496-c962e5b4488e}">
                                  <parameters>
                                    <DefaultTabId>NotesTab</DefaultTabId>
                                  </parameters>
                                </control>
                              </cell>
                            </row>
                            <row />
                            <row />
                            <row />
                            <row />
                            <row />
                            <row />
                            <row />
                            <row />
                            <row />
                            <row />
                            <row />
                            <row />
                            <row />
                            <row height="auto" />
                          </rows>
                        </section>
                      </sections>
                    </column>
                  </columns>
                </tab>
              </tabs>
            </form>
            <IsCustomizable>1</IsCustomizable>
            <CanBeDeleted>1</CanBeDeleted>
            <LocalizedNames>
              <LocalizedName description="Information" languagecode="1033" />
            </LocalizedNames>
            <Descriptions>
              <Description description="A form for this entity." languagecode="1033" />
            </Descriptions>
          </systemform>
        </forms>
        <forms type="quick">
          <systemform>
            <formid>{686b0fab-b445-4232-ad70-957475a69ff6}</formid>
            <IntroducedVersion>1.0.0.0</IntroducedVersion>
            <FormPresentation>1</FormPresentation>
            <FormActivationState>1</FormActivationState>
            <form>
              <tabs>
                <tab verticallayout="true" id="{89004c99-22cc-4401-8de4-03b5427ccf65}" IsUserDefined="1">
                  <labels>
                    <label description="" languagecode="1033" />
                  </labels>
                  <columns>
                    <column width="100%">
                      <sections>
                        <section showlabel="false" showbar="false" IsUserDefined="0" id="{c10a861c-ef57-43e4-ae7c-da9183972143}">
                          <labels>
                            <label description="GENERAL" languagecode="1033" />
                          </labels>
                          <rows>
                            <row>
                              <cell id="{2d0aa43d-84d7-4e4e-b069-a86ce5e45fbe}">
                                <labels>
                                  <label description="Name" languagecode="1033" />
                                </labels>
                                <control id="cr3b8_name" classid="{4273EDBD-AC1D-40d3-9FB2-095C621B552D}" datafieldname="cr3b8_name" />
                              </cell>
                            </row>
                            <row>
                              <cell id="{11d7a4d7-b805-4657-b5fb-86fbc2291a35}">
                                <labels>
                                  <label description="Owner" languagecode="1033" />
                                </labels>
                                <control id="ownerid" classid="{270BD3DB-D9AF-4782-9025-509E298DEC0A}" datafieldname="ownerid" />
                              </cell>
                            </row>
                          </rows>
                        </section>
                      </sections>
                    </column>
                  </columns>
                </tab>
              </tabs>
            </form>
            <IsCustomizable>1</IsCustomizable>
            <CanBeDeleted>1</CanBeDeleted>
            <LocalizedNames>
              <LocalizedName description="Information" languagecode="1033" />
            </LocalizedNames>
          </systemform>
        </forms>
      </FormXml>
      <SavedQueries>
        <savedqueries>
          <savedquery>
            <IsCustomizable>1</IsCustomizable>
            <CanBeDeleted>0</CanBeDeleted>
            <isquickfindquery>0</isquickfindquery>
            <isprivate>0</isprivate>
            <isdefault>1</isdefault>
            <savedqueryid>{15bbae80-4349-4b78-9bd5-37221f0bb59a}</savedqueryid>
            <layoutxml>
              <grid name="resultset" jump="cr3b8_name" select="1" icon="1" preview="1">
                <row name="result" id="cr3b8_sleighsightingid">
                  <cell name="cr3b8_name" width="300" />
                  <cell name="createdon" width="125" />
                </row>
              </grid>
            </layoutxml>
            <querytype>0</querytype>
            <fetchxml>
              <fetch version="1.0" mapping="logical">
                <entity name="cr3b8_sleighsighting">
                  <attribute name="cr3b8_sleighsightingid" />
                  <attribute name="cr3b8_name" />
                  <attribute name="createdon" />
                  <order attribute="cr3b8_name" descending="false" />
                  <filter type="and">
                    <condition attribute="statecode" operator="eq" value="0" />
                  </filter>
                </entity>
              </fetch>
            </fetchxml>
            <IntroducedVersion>1.0.0.0</IntroducedVersion>
            <LocalizedNames>
              <LocalizedName description="Active Sleigh Sightings" languagecode="1033" />
            </LocalizedNames>
          </savedquery>
          <savedquery>
            <IsCustomizable>1</IsCustomizable>
            <CanBeDeleted>0</CanBeDeleted>
            <isquickfindquery>0</isquickfindquery>
            <isprivate>0</isprivate>
            <isdefault>0</isdefault>
            <savedqueryid>{2cf0a48f-6144-4ed2-8811-f1a83360a0c7}</savedqueryid>
            <layoutxml>
              <grid name="resultset" jump="cr3b8_name" select="1" icon="1" preview="1">
                <row name="result" id="cr3b8_sleighsightingid">
                  <cell name="cr3b8_name" width="300" />
                  <cell name="createdon" width="125" />
                </row>
              </grid>
            </layoutxml>
            <querytype>0</querytype>
            <fetchxml>
              <fetch version="1.0" mapping="logical">
                <entity name="cr3b8_sleighsighting">
                  <attribute name="cr3b8_sleighsightingid" />
                  <attribute name="cr3b8_name" />
                  <attribute name="createdon" />
                  <order attribute="cr3b8_name" descending="false" />
                  <filter type="and">
                    <condition attribute="statecode" operator="eq" value="1" />
                  </filter>
                </entity>
              </fetch>
            </fetchxml>
            <IntroducedVersion>1.0.0.0</IntroducedVersion>
            <LocalizedNames>
              <LocalizedName description="Inactive Sleigh Sightings" languagecode="1033" />
            </LocalizedNames>
          </savedquery>
          <savedquery>
            <IsCustomizable>1</IsCustomizable>
            <CanBeDeleted>1</CanBeDeleted>
            <isquickfindquery>0</isquickfindquery>
            <isprivate>0</isprivate>
            <isdefault>1</isdefault>
            <savedqueryid>{e636df2e-3632-eb11-a813-000d3a7fc45e}</savedqueryid>
            <querytype>8192</querytype>
            <fetchxml>
              <fetch version="1.0" mapping="logical" output-format="xml-platform">
                <entity name="cr3b8_sleighsighting">
                  <attribute name="cr3b8_sleighsightingid" />
                  <filter type="and">
                    <condition attribute="statecode" operator="eq" value="0" />
                    <condition attribute="ownerid" operator="eq-userid" />
                  </filter>
                </entity>
              </fetch>
            </fetchxml>
            <IntroducedVersion>1.0.0.0</IntroducedVersion>
            <LocalizedNames>
              <LocalizedName description="My Sleigh Sightings" languagecode="1033" />
            </LocalizedNames>
            <Descriptions>
              <Description description="Active Sleigh Sightings owned by me" languagecode="1033" />
            </Descriptions>
          </savedquery>
          <savedquery>
            <IsCustomizable>1</IsCustomizable>
            <CanBeDeleted>0</CanBeDeleted>
            <isquickfindquery>1</isquickfindquery>
            <isprivate>0</isprivate>
            <isdefault>1</isdefault>
            <savedqueryid>{e79b15d2-2e68-47e2-94c6-096840fd0578}</savedqueryid>
            <layoutxml>
              <grid name="resultset" jump="cr3b8_name" select="1" icon="1" preview="1">
                <row name="result" id="cr3b8_sleighsightingid">
                  <cell name="cr3b8_name" width="300" />
                  <cell name="createdon" width="125" />
                </row>
              </grid>
            </layoutxml>
            <querytype>4</querytype>
            <fetchxml>
              <fetch version="1.0" mapping="logical">
                <entity name="cr3b8_sleighsighting">
                  <attribute name="cr3b8_sleighsightingid" />
                  <attribute name="cr3b8_name" />
                  <attribute name="createdon" />
                  <order attribute="cr3b8_name" descending="false" />
                  <filter type="and">
                    <condition attribute="statecode" operator="eq" value="0" />
                  </filter>
                  <filter type="or" isquickfindfields="1">
                    <condition attribute="cr3b8_name" operator="like" value="{0}" />
                  </filter>
                </entity>
              </fetch>
            </fetchxml>
            <IntroducedVersion>1.0.0.0</IntroducedVersion>
            <LocalizedNames>
              <LocalizedName description="Quick Find Active Sleigh Sightings" languagecode="1033" />
            </LocalizedNames>
          </savedquery>
          <savedquery>
            <IsCustomizable>1</IsCustomizable>
            <CanBeDeleted>0</CanBeDeleted>
            <isquickfindquery>0</isquickfindquery>
            <isprivate>0</isprivate>
            <isdefault>1</isdefault>
            <savedqueryid>{85bd0396-7b91-4539-84a2-61d716411505}</savedqueryid>
            <layoutxml>
              <grid name="resultset" jump="cr3b8_name" select="1" icon="1" preview="1">
                <row name="result" id="cr3b8_sleighsightingid">
                  <cell name="cr3b8_name" width="300" />
                  <cell name="createdon" width="125" />
                </row>
              </grid>
            </layoutxml>
            <querytype>1</querytype>
            <fetchxml>
              <fetch version="1.0" mapping="logical">
                <entity name="cr3b8_sleighsighting">
                  <attribute name="cr3b8_sleighsightingid" />
                  <attribute name="cr3b8_name" />
                  <attribute name="createdon" />
                  <order attribute="cr3b8_name" descending="false" />
                </entity>
              </fetch>
            </fetchxml>
            <IntroducedVersion>1.0.0.0</IntroducedVersion>
            <LocalizedNames>
              <LocalizedName description="Sleigh Sighting Advanced Find View" languagecode="1033" />
            </LocalizedNames>
          </savedquery>
          <savedquery>
            <IsCustomizable>1</IsCustomizable>
            <CanBeDeleted>0</CanBeDeleted>
            <isquickfindquery>0</isquickfindquery>
            <isprivate>0</isprivate>
            <isdefault>1</isdefault>
            <savedqueryid>{400f9dfa-701f-40ab-b492-284b03bc0d04}</savedqueryid>
            <layoutxml>
              <grid name="cr3b8_sleighsightings" jump="cr3b8_name" select="1" icon="1" preview="1">
                <row name="cr3b8_sleighsighting" id="cr3b8_sleighsightingid">
                  <cell name="cr3b8_name" width="300" />
                  <cell name="createdon" width="125" />
                </row>
              </grid>
            </layoutxml>
            <querytype>2</querytype>
            <fetchxml>
              <fetch version="1.0" mapping="logical">
                <entity name="cr3b8_sleighsighting">
                  <attribute name="cr3b8_sleighsightingid" />
                  <attribute name="cr3b8_name" />
                  <attribute name="createdon" />
                  <order attribute="cr3b8_name" descending="false" />
                  <filter type="and">
                    <condition attribute="statecode" operator="eq" value="0" />
                  </filter>
                </entity>
              </fetch>
            </fetchxml>
            <IntroducedVersion>1.0.0.0</IntroducedVersion>
            <LocalizedNames>
              <LocalizedName description="Sleigh Sighting Associated View" languagecode="1033" />
            </LocalizedNames>
          </savedquery>
          <savedquery>
            <IsCustomizable>1</IsCustomizable>
            <CanBeDeleted>0</CanBeDeleted>
            <isquickfindquery>0</isquickfindquery>
            <isprivate>0</isprivate>
            <isdefault>1</isdefault>
            <savedqueryid>{44be3fb0-fa0e-4d3c-9b34-8e0c78af57bf}</savedqueryid>
            <layoutxml>
              <grid name="cr3b8_sleighsightings" jump="cr3b8_name" select="1" icon="1" preview="0">
                <row name="cr3b8_sleighsighting" id="cr3b8_sleighsightingid">
                  <cell name="cr3b8_name" width="300" />
                  <cell name="createdon" width="125" />
                </row>
              </grid>
            </layoutxml>
            <querytype>64</querytype>
            <fetchxml>
              <fetch version="1.0" mapping="logical">
                <entity name="cr3b8_sleighsighting">
                  <attribute name="cr3b8_sleighsightingid" />
                  <attribute name="cr3b8_name" />
                  <attribute name="createdon" />
                  <filter type="and">
                    <condition attribute="statecode" operator="eq" value="0" />
                  </filter>
                </entity>
              </fetch>
            </fetchxml>
            <IntroducedVersion>1.0.0.0</IntroducedVersion>
            <LocalizedNames>
              <LocalizedName description="Sleigh Sighting Lookup View" languagecode="1033" />
            </LocalizedNames>
          </savedquery>
        </savedqueries>
      </SavedQueries>
      <RibbonDiffXml>
        <CustomActions />
        <Templates>
          <RibbonTemplates Id="Mscrm.Templates"></RibbonTemplates>
        </Templates>
        <CommandDefinitions />
        <RuleDefinitions>
          <TabDisplayRules />
          <DisplayRules />
          <EnableRules />
        </RuleDefinitions>
        <LocLabels />
      </RibbonDiffXml>
    </Entity>
  </Entities>
  <Roles></Roles>
  <Workflows></Workflows>
  <FieldSecurityProfiles></FieldSecurityProfiles>
  <Templates />
  <EntityMaps />
  <EntityRelationships>
    <EntityRelationship Name="business_unit_cr3b8_sleighsighting">
      <EntityRelationshipType>OneToMany</EntityRelationshipType>
      <IsCustomizable>1</IsCustomizable>
      <IntroducedVersion>1.0.0.0</IntroducedVersion>
      <IsHierarchical>0</IsHierarchical>
      <ReferencingEntityName>cr3b8_SleighSighting</ReferencingEntityName>
      <ReferencedEntityName>BusinessUnit</ReferencedEntityName>
      <CascadeAssign>NoCascade</CascadeAssign>
      <CascadeDelete>NoCascade</CascadeDelete>
      <CascadeReparent>NoCascade</CascadeReparent>
      <CascadeShare>NoCascade</CascadeShare>
      <CascadeUnshare>NoCascade</CascadeUnshare>
      <ReferencingAttributeName>OwningBusinessUnit</ReferencingAttributeName>
      <RelationshipDescription>
        <Descriptions>
          <Description description="Unique identifier for the business unit that owns the record" languagecode="1033" />
        </Descriptions>
      </RelationshipDescription>
    </EntityRelationship>
    <EntityRelationship Name="lk_cr3b8_sleighsighting_createdby">
      <EntityRelationshipType>OneToMany</EntityRelationshipType>
      <IsCustomizable>1</IsCustomizable>
      <IntroducedVersion>1.0.0.0</IntroducedVersion>
      <IsHierarchical>0</IsHierarchical>
      <ReferencingEntityName>cr3b8_SleighSighting</ReferencingEntityName>
      <ReferencedEntityName>SystemUser</ReferencedEntityName>
      <CascadeAssign>NoCascade</CascadeAssign>
      <CascadeDelete>NoCascade</CascadeDelete>
      <CascadeReparent>NoCascade</CascadeReparent>
      <CascadeShare>NoCascade</CascadeShare>
      <CascadeUnshare>NoCascade</CascadeUnshare>
      <ReferencingAttributeName>CreatedBy</ReferencingAttributeName>
      <RelationshipDescription>
        <Descriptions>
          <Description description="Unique identifier of the user who created the record." languagecode="1033" />
        </Descriptions>
      </RelationshipDescription>
    </EntityRelationship>
    <EntityRelationship Name="lk_cr3b8_sleighsighting_modifiedby">
      <EntityRelationshipType>OneToMany</EntityRelationshipType>
      <IsCustomizable>1</IsCustomizable>
      <IntroducedVersion>1.0.0.0</IntroducedVersion>
      <IsHierarchical>0</IsHierarchical>
      <ReferencingEntityName>cr3b8_SleighSighting</ReferencingEntityName>
      <ReferencedEntityName>SystemUser</ReferencedEntityName>
      <CascadeAssign>NoCascade</CascadeAssign>
      <CascadeDelete>NoCascade</CascadeDelete>
      <CascadeReparent>NoCascade</CascadeReparent>
      <CascadeShare>NoCascade</CascadeShare>
      <CascadeUnshare>NoCascade</CascadeUnshare>
      <ReferencingAttributeName>ModifiedBy</ReferencingAttributeName>
      <RelationshipDescription>
        <Descriptions>
          <Description description="Unique identifier of the user who modified the record." languagecode="1033" />
        </Descriptions>
      </RelationshipDescription>
    </EntityRelationship>
    <EntityRelationship Name="owner_cr3b8_sleighsighting">
      <EntityRelationshipType>OneToMany</EntityRelationshipType>
      <IsCustomizable>1</IsCustomizable>
      <IntroducedVersion>1.0.0.0</IntroducedVersion>
      <IsHierarchical>0</IsHierarchical>
      <ReferencingEntityName>cr3b8_SleighSighting</ReferencingEntityName>
      <ReferencedEntityName>Owner</ReferencedEntityName>
      <CascadeAssign>NoCascade</CascadeAssign>
      <CascadeDelete>NoCascade</CascadeDelete>
      <CascadeReparent>NoCascade</CascadeReparent>
      <CascadeShare>NoCascade</CascadeShare>
      <CascadeUnshare>NoCascade</CascadeUnshare>
      <ReferencingAttributeName>OwnerId</ReferencingAttributeName>
      <RelationshipDescription>
        <Descriptions>
          <Description description="Owner Id" languagecode="1033" />
        </Descriptions>
      </RelationshipDescription>
    </EntityRelationship>
    <EntityRelationship Name="team_cr3b8_sleighsighting">
      <EntityRelationshipType>OneToMany</EntityRelationshipType>
      <IsCustomizable>1</IsCustomizable>
      <IntroducedVersion>1.0.0.0</IntroducedVersion>
      <IsHierarchical>0</IsHierarchical>
      <ReferencingEntityName>cr3b8_SleighSighting</ReferencingEntityName>
      <ReferencedEntityName>Team</ReferencedEntityName>
      <CascadeAssign>NoCascade</CascadeAssign>
      <CascadeDelete>NoCascade</CascadeDelete>
      <CascadeReparent>NoCascade</CascadeReparent>
      <CascadeShare>NoCascade</CascadeShare>
      <CascadeUnshare>NoCascade</CascadeUnshare>
      <ReferencingAttributeName>OwningTeam</ReferencingAttributeName>
      <RelationshipDescription>
        <Descriptions>
          <Description description="Unique identifier for the team that owns the record." languagecode="1033" />
        </Descriptions>
      </RelationshipDescription>
    </EntityRelationship>
    <EntityRelationship Name="user_cr3b8_sleighsighting">
      <EntityRelationshipType>OneToMany</EntityRelationshipType>
      <IsCustomizable>1</IsCustomizable>
      <IntroducedVersion>1.0.0.0</IntroducedVersion>
      <IsHierarchical>0</IsHierarchical>
      <ReferencingEntityName>cr3b8_SleighSighting</ReferencingEntityName>
      <ReferencedEntityName>SystemUser</ReferencedEntityName>
      <CascadeAssign>NoCascade</CascadeAssign>
      <CascadeDelete>NoCascade</CascadeDelete>
      <CascadeReparent>NoCascade</CascadeReparent>
      <CascadeShare>NoCascade</CascadeShare>
      <CascadeUnshare>NoCascade</CascadeUnshare>
      <ReferencingAttributeName>OwningUser</ReferencingAttributeName>
      <RelationshipDescription>
        <Descriptions>
          <Description description="Unique identifier for the user that owns the record." languagecode="1033" />
        </Descriptions>
      </RelationshipDescription>
    </EntityRelationship>
  </EntityRelationships>
  <OrganizationSettings />
  <optionsets />
  <CustomControls />
  <AppModuleSiteMaps>
    <AppModuleSiteMap>
      <SiteMapUniqueName>new_SSManagment</SiteMapUniqueName>
      <SiteMap IntroducedVersion="7.0.0.0">
        <Area Id="New_Area" ResourceId="SitemapDesigner.NewArea" DescriptionResourceId="SitemapDesigner.NewArea" ShowGroups="true" IntroducedVersion="7.0.0.0">
          <Group Id="New_Group" ResourceId="SitemapDesigner.NewGroup" DescriptionResourceId="SitemapDesigner.NewGroup" IntroducedVersion="7.0.0.0" IsProfile="false" ToolTipResourseId="SitemapDesigner.Unknown">
            <SubArea Id="New_SubArea" Icon="/_imgs/imagestrips/transparent_spacer.gif" IntroducedVersion="7.0.0.0" Entity="cr3b8_sleighsighting" Client="All,Outlook,OutlookLaptopClient,OutlookWorkstationClient,Web" AvailableOffline="true" PassParams="false" Sku="All,OnPremise,Live,SPLA" />
          </Group>
        </Area>
      </SiteMap>
      <LocalizedNames>
        <LocalizedName description="SS Managment" languagecode="1033" />
      </LocalizedNames>
    </AppModuleSiteMap>
  </AppModuleSiteMaps>
  <AppModules>
    <AppModule>
      <UniqueName>new_SSManagment</UniqueName>
      <IntroducedVersion>1.0.0.0</IntroducedVersion>
      <WebResourceId>953b9fac-1e5e-e611-80d6-00155ded156f</WebResourceId>
      <OptimizedFor></OptimizedFor>
      <statecode>0</statecode>
      <statuscode>1</statuscode>
      <FormFactor>1</FormFactor>
      <ClientType>4</ClientType>
      <NavigationType>0</NavigationType>
      <AppModuleComponents>
        <AppModuleComponent type="62" schemaName="new_SSManagment" />
        <AppModuleComponent type="29" id="{bcd43793-5686-4fd4-b3b4-c0c26d6f7e40}" />
        <AppModuleComponent type="60" id="{ee50a18b-3f88-df11-8d93-00155db1891a}" />
        <AppModuleComponent type="1" schemaName="activitypointer" />
        <AppModuleComponent type="1" schemaName="expiredprocess" />
        <AppModuleComponent type="1" schemaName="knowledgearticle" />
        <AppModuleComponent type="1" schemaName="cr3b8_sleighsighting" />
      </AppModuleComponents>
      <AppModuleRoleMaps>
        <Role id="{119f245c-3cc8-4b62-b31c-d1a046ced15d}" />
        <Role id="{627090ff-40a3-4053-8790-584edc5be201}" />
      </AppModuleRoleMaps>
      <LocalizedNames>
        <LocalizedName description="SS Managment" languagecode="1033" />
      </LocalizedNames>
    </AppModule>
  </AppModules>
  <EntityDataProviders />
  <Languages>
    <Language>1033</Language>
  </Languages>
</ImportExportXml>